Refl-S1-R5-C5-1 , TCATCTTAACTACGGACGTTCGGAGTCGCTG
Refl-S1-R5-C4-1 , CGGGGTTTACTTTTAGTATACTCCCAAGATT
Refl-S1-R4-C4-1 , TAACTGGTAAACGCTGAGGCTACGACAGAAA
Refl-S1-R3-C3-1 , GTTTGATTTAGATGAGTTATAGGCCAAGAAC
Refl-S1-R4-C3-1 , CTTAGTTGACAATATGATGTGTAATGAGTCC
Refl-S1-R4-C2-1 , TCTGTGGCATGAAATTGAGCAGTCCCGTTCG
Refr-S1-R5-C2 , GTACAACTCGATGTCAAGTAATATAAGTCGTT
Refl-S4-R5-C2-1 , AATTCGAGATTCGGTTTCACGAGGATTTCTA
Refr-S4-R4-C1 , AGAATAGTTTTCCTCAAGTTAATTTCCATGAG
Refl-S6-R5-C5-1 , AGATTAGGACTGGACAGTTACTAATTTCAAC
Refl-S6-R5-C4-1 , CCAGACCAAGCGAAAAAATTATGCTCAACAG
Refl-S6-R4-C4-1 , TGCGCTATAAACTTCAAGAAGGGTTGCAGGA
Refl-S6-R4-C3-1 , GAATTAGAAAAACTAACGAGCTTTTACGGAG
Refl-S6-R3-C3-1 , AGACTGATATTATCAGTACTTAGAAAGATGG
Refl-S6-R3-C2-1 , TAAAAACTAAATACCACAGCAGCAGACCTGT
Refl-S6-R2-C2-1 , CTTGACAAATTTCGTTTTAAGGAAAACCGCA
Refr-S6-R1-C1 , TACTTATAAATACTGAACTAAGGCGTCATAAC
Refl-S2-R2-C1-1 , CTGCGATAGGTCAGAAAGCAATCGCAACCAT
Refr-S2-R1-C2 , TGGGGGAGACCGTTTTTTGAAGAAAACGTTTT
Refl-S3-R1-C2-1 , CGGAGAGCGATAAAAAGAGACATTTCCGACG
Refr-S3-R1-C1 , GACCATTTGCTCCCAAAATACTATCACAACGA
Refl-S6-R1-C2-1 , GAATGATACGGAGCAAAAACTCCCCCTAAGT
Refl-S6-R1-C2-2 , ATACATAGACGTAATGAAAGATAACTAACAC
Refl-S6-R2-C3-1 , GGATTTAGAGTTGACAGTCCCATTTCTGGAC
Refl-S6-R2-C3-2 , ACATTATTACAACAAAGGGAGGGAGTTAGCC
Refl-S6-R3-C4-1 , TAATTGCATCTAAAAAAGAAAGCCCGAAGGA
Refl-S6-R3-C4-2 , CTGACCATATTACTCAGAGTTCAGCCACTGC
Refl-S6-R4-C5-1 , CGTATTCCATTAAGTGAACCTCAAACGAAGG
Refr-S6-R4-C5 , TTTAATTTGGTAGAGTTTTCGGGTTAAATGAT
Refl-S1-R5-C1-1 , GAGCAAGACCACAAAACAACGTATAAATTTT
Refl-S1-R5-C1-2 , GAATAAGTGACTTACAGGCCGGAACGATTAC
Refl-S1-R4-C2-2 , AACTAAACCCATTACAGCAAGCGTCTTAACC
Refl-S1-R3-C3-2 , AGTTCTAATGAGAACTTTTGAAGGAGTACTT
Refl-S1-R3-C2-1 , GGATACGCGGACCAGAGACGATAGCTACCAA
Refl-S1-R3-C1-1 , ACAGGAGAAAGTTTCACGCCAAGGCCACCAC
Refl-S1-R2-C2-1 , GGGAATACTAACTGGACACCGTAATGCATAA
Refr-S1-R1-C3 , GCCGATTCATTGTACAACTCGTCCAGCGCCTA
Refl-S3-R6-C3-1 , AAGCTGTGTTAAATAAGACCGCCGCCGAGAC
Refl-S3-R5-C3-1 , TAGAGGCAACATGAAGTGACGCGAAAGGTAA
Refr-S3-R5-C4 , TATTAGCGACCCCCAAAGTTTCTACTCACAAA
Refl-S1-R1-C4-1 , ATCACATAAGAAAACAGTAATTGACAAATAT
Refl-S1-R1-C3-1 , CAACCACGGAAGCATTCAGACGCGGAGCAAG
Refl-S1-R1-C3-2 , AATGGGCAAATTACCTTACTTCCAGTCGGTC
Refl-S1-R2-C3-1 , TTTCAGAAATCAGGAGTCTTATTATCCAAGG
Refl-S1-R2-C4-1 , GCAACGATGGGAGCAGTTACATAGATTACCA
Refl-S1-R3-C4-1 , GCGACGACTCCCACTTTGGGGCGATTAGGAT
Refl-S1-R3-C5-1 , CCGGAAATTGAGGGAGTGGAAAAGTCGAGCG
Refr-S1-R4-C5 , GCTTATATAGCCAATGGACGCACCCGCTACCA
Refl-S5-R5-C5-1 , ACAACAGTAACAGCCACAAAAACCCCGAAAA
Refl-S5-R4-C5-1 , GTTCGACAAATTCTTGAAGGCCCGATATGAA
Refl-S5-R4-C4-1 , TTCGACTATTTGGCTGACGCTTAAAATTGTT
Refl-S5-R3-C4-1 , GAAAACCTCGGAAAAAGACTCCCACCGCCAA
Refl-S5-R3-C3-1 , TGCACTTTTTTAATAACTTAATAAAAACTAC
Refl-S5-R2-C3-1 , ATCAACAAGGAAAGAACCCAAGGATAACCCG
Refl-S5-R2-C2-1 , TTTGACAACTTTCAAAGCCCAACAATGAGCG
Refr-S5-R1-C2 , TATGTCTTTTAAGTAAAAATGATTGCAGACCT
Refl-S3-R2-C5-1 , TTCTGCTGTTTTGAAACACCTGGCGAACGAC
Refl-S3-R2-C5-2 , TGATACTCCCGACAGAATAGAGCCCGATAAG
Refr-S3-R2-C5 , CGCAACATCAAACATTTGACCACTGCTTTGAG
Refl-S5-R1-C3-1 , TCACAATGCCATGTAGTAAGAGTGAGGCGAC
Refl-S5-R1-C3-2 , AACGATAGGGACTTTTCGGGACTATCTGCCA
Refl-S5-R2-C4-1 , GACTCCCACCGCCAAAAAAACCTCTAAAAGT
Refl-S5-R2-C4-2 , GACTCCCACCGCCATGAAATGCCGTGGAGCT
Refl-S5-R3-C5-1 , TGCCACTATGTGGATTTAAGTGGAGCTTTCG
Refr-S5-R3-C5 , TATAGTTGGGAGAGCTTTGCCGTGAATAGGCG
Refl-S1-R4-C5-1 , GACCATGACTCGTTTTGCTAGGGCGTTTTCG
Refl-S1-R3-C5-2 , TAGGAAGAGAACTCCAGCGGCCGAAAGGGGC
Refl-S1-R3-C4-2 , TATGAAAGTACAAAGAGTTTCGGAGACATCG
Refl-S1-R3-C3-3 , CTTTATCCGTCCCCCAGGAGAAAGCAAAATC
Refl-S1-R2-C4-2 , GCCCGTGACAATGAGAGCGAAAGAAGGGAAG
Refr-S1-R1-C5 , AATTTTGAATAATGGTTTCATGTGAGGACATA
Refl-S3-R5-C5-1 , GTAGTTTTCGGTACAAATGCACGAGCAGTTT
Refl-S3-R4-C4-1 , TGCCATTTAAGTCTCAACAAAGCGCGAACCA
Refl-S3-R4-C4-2 , GACCGAAATTACTCCTTAGGGAAATTAGCCG
Refl-S3-R4-C3-1 , TTATAGTTCCGGTTAAACTATAATCGCGAGT
Refl-S3-R4-C3-2 , TTGGAGGACAGTTACAGTCCGCTACTATGTT
Refl-S3-R5-C2-1 , CACCACCAAGACCACAATAAAGTAACAAAGA
Refr-S3-R5-C2 , CACCGAGACTCCCACAACGCCAAGACTCCCAC
Refl-S1-R1-C2-1 , CGCCGAGACTCCCTCAAACCAGTCAAGCCAA
Refr-S1-R1-C1 , CGAGACCAAGGCCACTTTAAAACTAATACTTT
Refl-S6-R1-C5-1 , TCTACCGTTTGCGATTTTGAAACAAGCCGAT
Refl-S6-R2-C5-1 , GGCTTTTACGGCTACAATTACTTATTAAAGG
Refr-S6-R2-C5 , GACTGCGATTTCCGTTTTTGAACTAAGACAGC
Refl-S1-R2-C1-1 , GATGACTAATGCCACAACATGTGGCAAGTAG
Refl-S1-R3-C2-2 , AGTAACCACTGCAAAGTCGTCGAAACAATGC
Refr-S1-R3-C1 , CATTACCACGATGACAACACTAAAACGACCGA
Refl-S6-R4-C5-2 , GATTAAGGGTTTACCAGGTCAAGAATTTTAG
Refl-S6-R3-C5-1 , CACTATTAAGTGGAAGTTTTGCGCGATGTCA
Refl-S6-R3-C4-3 , CAGTTATAAATGGAAAGGCAATCAAGCAAAA
Refl-S6-R2-C4-1 , AACTTACAGCGGGAAGTAATAACGCAAAGGA
Refl-S6-R2-C3-3 , CATTTGGTATACTTAACAACTTACACCATAA
Refr-S6-R1-C3 , TGTTTTATTTGAATAAAAGGCACCACAGAAAC
Refl-S3-R3-C1-1 , GCAAAGAAAATATACAATTACGCGAAGGGAC
Refl-S3-R3-C2-1 , TACATAAAAGATGCAACGAATTGAGTTAAGA
Refr-S3-R3-C1 , CATTATTCCTCAGAAGGTTAGTACGGTCAAGA
Refl-S6-R1-C4-1 , AAACCCATAAGGCAAAAACAGAAACCGCGAC
Refl-S6-R2-C4-2 , GCCAAAGGAAGACCAGTATTCCCCCGATACT
Refr-S6-R1-C5 , AGACGAATGAAAAGAAAATTTTTCCCGAAGCC
Refl-S3-R4-C1-1 , ATTCTATCGATAACGACGCCGAGACTCCCAC
Refl-S3-R5-C2-2 , ACGAGAATAATAACCAAACGATTGTATGACG
Refl-S3-R3-C2-2 , ACACCCAATAGAGAGAGCAGACTGGACGGAG
Refl-S3-R3-C3-1 , TAATGGGAGACTGAAACCACCGGAGTGACTA
Refl-S3-R2-C2-1 , CAATTAAGAGGGCAGAAACGGTGGAAATACA
Refl-S3-R3-C2-3 , AAAAATACAATAAGAACCAAAAATAGCAGCA
Refl-S3-R1-C2-2 , ATAAAAGTAAAAACTTTTAAACGCACTACCT
Refr-S3-R1-C3 , GCAAAGAATAAACCTGGAACCCTATTTATTAT
Refl-S2-R1-C3-1 , ACCGACAAATAAAACAGGACAACGTTACCGA
Refl-S2-R1-C2-1 , CGAGACCTTTCTGCGTTTTGTAAAATGATAA
Refl-S2-R1-C2-2 , TCTAAGTCCTATTTTTTCCTGAATAGATAAC
Refl-S2-R2-C2-1 , TTTATCGTTGATTAGAGTTTTACATCCATAA
Refl-S2-R3-C3-1 , TTTTGGAGGGCGTTCTTTACATTAATTAAAA
Refl-S2-R3-C2-1 , TTTGCGGAGCGCAAGTTTAATCCTACCCTAT
Refl-S2-R4-C2-1 , TCGGAAGATATAGACAAGTGTATATAACTAA
Refr-S2-R4-C1 , CCGCGCCATTACTAAAAGGATGCTACTTTTAT
Refl-S6-R5-C1-1 , TTTTGCCGAACGAACAATTCGGGATGACAAC
Refl-S6-R4-C2-1 , CATGAACCAAATTATGAACAGCCATGAAATA
Refr-S6-R3-C1 , TATTCCTTTCTGTCGAAGCTAATAACTAACCA
Refl-S2-R4-C1-1 , AAGATGTACGAGCATGAATCTTATGGCCTAT
Refl-S2-R3-C2-2 , AATAAAAAGAACAAGAAACATCGACCCACGT
Refr-S2-R2-C1 , AACTATTTGTCCGCGAACAAGACGTAATCGAC
Refl-S6-R2-C1-1 , TTGTACAACAAATAAAAGTAAGAGCAAAAGA
Refl-S6-R3-C2-2 , CTTAATGAAATGGAAAGGGCAAGAACCTTAC
Refl-S6-R3-C2-3 , TAAGAGAATAATGACACGTTAGGCGAAACGA
Refl-S6-R3-C3-2 , ACGGATTTAATGTACAAAATTTTAATTATTG
Refl-S6-R4-C2-2 , TACCGCTAAGAGTTAAAAGAGCTACTCACGC
Refr-S6-R4-C2 , TCGCAACCGAAATATTTGACCATTCTTAAACA
Refl-S4-R2-C1-1 , TATTGCGTATACTATGAGTTCCTAAGATTCC
Refl-S4-R2-C2-1 , GATCATTAATACTAAACTATTAAGGCGAGGA
Refl-S4-R2-C2-2 , TAAATTGCGGAATAAACCAAGATTGGGAAGG
Refl-S4-R3-C3-1 , TAAAGTTTGGTAATTTTCGCAGAATTAGATT
Refl-S4-R1-C3-1 , ACTTTAATTGATTTTTGGACTTTTAGATGCG
Refr-S4-R1-C4 , AAAGAGCGCAAGAAAAACAGAACGCTAACCTA
Refl-S2-R5-C4-1 , AACGTAGTCGTAAATTCTTTACTTATTAAGC
Refl-S2-R4-C3-1 , GGGTTGGATTCGGCCAAATTTTTTCCATTAA
Refr-S2-R5-C3 , AGAGAGTCTGGATACTTTAAAACTATTTAAGT
Refl-S4-R1-C3-2 , GATAACTGAGAAGAGTTAAATCCAGTCTTCT
Refl-S4-R1-C2-1 , CGATAGCGATACAAAAGATTTGTCCGAAAAA
Refr-S4-R1-C2 , CTTTTAATTAATTATTTCGCTGCTAAATGTCT
Refl-S2-R6-C1-1 , TCGTTCCAATAAGTGTTAAACGAACGATAAC
Refl-S2-R5-C2-1 , ATACATGACAAAGGTTTCCAATTTTTCCATC
Refl-S2-R5-C2-2 , GTTTACTTTAACAATGAGCCCTCCAAGCGAT
Refl-S2-R3-C3-2 , CAAAAGAACTACAAAGTGACCAGCACACTGA
Refl-S2-R3-C4-1 , AAACGAGTCCATTAAAGTATATCAATATATT
Refl-S2-R4-C4-1 , GGAGACGCGCTAAAAGTAAGAATGCGAAAGT
Refr-S2-R5-C5 , TTCGTTAGTCCGCTTGGAGGCAATAACAAAGA
Refl-S4-R1-C5-1 , GGGCTACATTTTCCAAGAGTGGAGACAAAAT
Refl-S4-R2-C4-1 , AGTAGACTGCAATTTGATATAAACTTTTTCA
Refl-S4-R2-C4-2 , TTAAAGAAATAAAGAAAAAAGTAAACGACGA
Refl-S4-R3-C3-2 , TTAAAACTATACCATGATAGTGTGCCAGCCA
Refl-S4-R3-C3-3 , TAATAAGTCTTCATAGTGACTGGTCTATAAC
Refl-S4-R3-C2-1 , CTAATATAACTACTTGAGATAACTGCCGAGA
Refl-S4-R3-C2-2 , TTAGTCCTTATACTAAGGCCACAAATAAGAA
Refr-S4-R2-C1 , AGACCACCAAAGAAAAACAAGGCGTTTTACTA
Refl-S6-R6-C2-1 , TTACAATGAGTTTGAAAACCGCAACAATTTA
Refl-S6-R4-C3-2 , CAAGCCCGTTTCCTAACTTCGAGCTTAATTT
Refr-S6-R4-C4 , CTTAACAAACATTTCAAAGATTATGAAGATTT
Refl-S4-R4-C1-1 , AGGAGTTTACATAATGAACGGTAGTAGACTA
Refl-S4-R4-C2-1 , TTAGATAATCAACAAAAGGCGTTTTTACTGG
Refl-S4-R4-C2-2 , TAAAATCTATTGGAAGTATAGTATAACTACC
Refl-S4-R5-C3-1 , TGACAACTAAACGGTTTTAGGTTTGTTAGTC
Refl-S4-R3-C3-4 , TAACTCCCAAACTATGACATCTAGAGAGTTT
Refl-S4-R4-C4-1 , CCACTACGAAATCTAACAAAATGCACGTTTA
Refl-S4-R2-C4-3 , CCGAGAGTCGCACCGACGTCCGTACGTTCGA
Refl-S4-R3-C5-1 , CAATTATGACTGGCGTTGACAATGACATATA
Refr-S4-R1-C5 , AGAAGACGACCACCAAAAGCAAGCCATAAAAA
Refl-S5-R5-C2-1 , TTACCGCTACAAAATGACACTCGCCTATTGT
Refr-S5-R4-C1 , CGTAATTTCTGATTAGGTCGGTAAGTTTTTAT
Refl-S2-R5-C5-1 , AACAGACACGGTGCAACATTGAACCATAAGT
Refl-S2-R4-C5-1 , CCAGTCTTCCCAAGAAACTCGCGTTGCGTTA
Refl-S2-R4-C4-2 , TTACAGGGAAAATAAACAAAGTAGTAGAAGA
Refl-S2-R3-C4-2 , CCACTTAGACGGTTAACGCAACCGGCTAAGT
Refl-S2-R3-C3-3 , GTCTGCTAACTCGCAAAACTAAATTCCGAAG
Refl-S2-R3-C2-3 , AGGTACTCGCAAAAAAATTGACCGTTTAATC
Refl-S2-R2-C3-1 , CCGCCATTATAACAAACGCGGGTTATGCGTT
Refr-S2-R1-C4 , TTCCGGCTATCAAACTTTCAAGAAGATGAGTC
Refl-S3-R1-C4-1 , CGTTCACTACAATAAAGTCCTAAAAGCGGAC
Refl-S3-R2-C3-1 , TAACGATGTTGCCAAAGCAATTTGTTTTTTA
Refl-S3-R2-C3-2 , GTCTGAGAAAATGAGAACAAGTCCCACAAGT
Refl-S3-R3-C3-2 , ATATTTTTGTGAAGAACTAAAACGGCTAAAG
Refl-S3-R3-C4-1 , GGCAAGGACAGATTTTTAAATAAACAAACAC
Refl-S3-R4-C4-3 , GAGGACAAATCGAGGAGAACAAGGTTTGACC
Refl-S3-R4-C5-1 , CTCCTTTCGTGCAATTTACTGCGAATGACCT
Refr-S3-R4-C5 , CGTTGGTATCATGCGAACGGGACATCGCCGCG
Refl-S5-R1-C5-1 , TAATTCGCGCCGCCCAAAACCCACTACCAAG
Refr-S5-R1-C5 , GTCGCACTGGCGATGTTTGAACGGTCGCGGGA
Refl-S1-R1-C5-1 , TCGCGGGCGAGGAAAGTTCCGTGACTGGGGC
Refl-S1-R1-C5-2 , GAAAGAGCGGTGCAAGTCAGAGTCGGAGAAT
Refr-S1-R2-C5 , AGTTCGAGATTTAGCAACCCCGAGGGAAATCC
Refl-S5-R3-C5-2 , CAAGGCTAAATCACGAGATTTGGAGGACTCA
Refl-S5-R2-C5-1 , GGGGTTTTTTGAACTGACACCACCAATGCGC
Refl-S5-R2-C4-3 , TGCATCACCCGGTAGTTACTCCCACCACCGA
Refr-S5-R1-C4 , AAAAGCGGGAAACTGAACAACCTCAGGTGCAA
Refl-S3-R3-C5-1 , GAAATTATCACCTGAAGCGAGACTAAGATTG
Refl-S3-R3-C5-2 , TTGTTGTGAGTTGGGAACACCTTACGATGTC
Refl-S3-R2-C4-1 , AAAACTAAATATTCCAGTCCTAAGACCGCAT
Refl-S3-R3-C4-2 , CCTTGGTGGTAGTTTTTGATTAGTTTCTTCA
Refl-S3-R1-C4-2 , GACCCCGTTTGGTCGAATCTAGCAATGCGAT
Refr-S3-R1-C5 , GTTGAGAGAGTCCCGAAGTCCGCCACTTCCCG
Refl-S2-R1-C5-1 , TTAGTCGACAACGGGTTGTGGTTGCACTGGA
Refl-S2-R1-C4-1 , TCTTTTTGGTGGGACAGACCTATAATGGTCG
Refl-S2-R1-C4-2 , TGGCGGAGAGGGGCGACATTTATTAGGTAAA
Refl-S2-R2-C4-1 , AATTACGTCGACCGTTCCGTCTACGTGCCAA
Refl-S2-R2-C5-1 , GACCTTTCGCCCGTCTTAGAGACAACCGGTC
Refr-S2-R3-C5 , ATTACACTCAATCGAAAGTGAGTAATCCGTGG
Refl-S5-R3-C1-1 , GGTCCGAAATGTGAAAAACGGACCAAAGGCC
Refl-S5-R4-C2-1 , ATACAACACACCTTAACCCGATAGTCAAGCG
Refl-S5-R4-C2-2 , TAAAGTGTGTCCTTTTTTCTCCGGGCGTGGC
Refr-S5-R4-C3 , AATGCTTAAGCTCGAAAGCCATGGGCCCCTAG
Refl-S4-R3-C5-2 , GAGATCTCAGCTGGAGTGACAACGTCCGCCA
Refl-S4-R3-C5-3 , ACCGTGACCGGCAGCAGTCTGAGAGTCCGTT
Refr-S4-R3-C5 , TGACCCTTTTGGGACAACGCAATGGGTTGAAT
Refl-S5-R5-C4-1 , TAGCGGAACGTCGTGTTTAAATTTATAAACG
Refl-S5-R5-C3-1 , CGACCGCATTATCGCAGTCGATACTGGTACT
Refl-S5-R4-C3-1 , TAGCGGGAAGGGTTGTTTTTTTACTCGACTA
Refl-S5-R4-C2-3 , TACCGCTTACCGCGAAATACGAAGGCCGAGC
Refl-S5-R3-C2-1 , GTGGTCTTCGCCACGTTACTTTCGACCGATG
Refr-S5-R2-C1 , TCACGCTAGAAGGACTTTCCGGCTATGACAGC
Refl-S2-R3-C5-1 , AGCAGGGGAGTTTGAAGCTGTCCAAAGGGCT
Refl-S2-R3-C4-3 , TGCTACGCGGGTAGAACAGAGTGACCACTTT
Refr-S2-R1-C5 , TAGGGTAATGCCAGTTTTAGGCGGCAAACAAG
Refl-S5-R1-C1-1 , GGTGCCTCTTAGGCTTCAAATCGTTTTAGGG
Refl-S5-R2-C2-2 , AGTGTAAATTACAACAGCCTTTCGACCGACC
Refl-S5-R2-C2-3 , TCCTTCCGGTCTGCGAATAAGCGTTAAGGAA
Refl-S5-R3-C3-2 , CGCAAGGATAACCAAGTCAACGCGTCGGACT
Refl-S5-R3-C3-3 , AATTGTTTTTAAATTGATGTTAATTTCCGAG
Refl-S5-R4-C4-2 , TTATAATTGCAAATGTTAGGGGGAAAGCGGT
Refl-S5-R4-C4-3 , AATATGTTAGAAGGAAGCGTTGATAGCCATA
Refr-S5-R4-C5 , GACTAATAGTTGGCCAACCATGTATACTAACT
Refl-S4-R4-C5-1 , GTACGATCAAAATGCAGCTAAATCGAAATAC
Refl-S4-R4-C5-2 , AAGAGAACAAACGAGAAAAATGTTGCAGCAC
Refl-S4-R4-C4-2 , ACTGGACTATCGGAAAAAACTCCAAGTCGTT
Refl-S4-R4-C4-3 , TTATCGATGGGAGAGTTAATGTCCCAGTATT
Refl-S4-R5-C3-2 , TCGATCTTGCCAACTTGGAGTTAAGGAAAGT
Refr-S4-R5-C3 , ACTAAACTGACAGAGAAGCCGGAAAGAGTGGG
Refl-S1-R6-C2-1 , AAAACTTAGAAATGGAACCTTACTTTGAAGG
Refl-S1-R4-C3-2 , GTAACGTAAATTTTAGTATCGATTTGTCCAA
Refr-S1-R5-C4 , TTTAAAAATAGGAACAAGCAACTTTATTTCCG
Refl-S4-R6-C4-1 , AAGAGGGCGTTTTCAAGCCGTAATTAAATAG
Refl-S4-R5-C4-1 , ACAAAAACCATGTTGTTAATGGCAAGTAGCT
Refl-S4-R5-C5-1 , GAGACTCCGAAATAATTACGATGATGATAA
